[
	{
		"inputs": [
			{
				"internalType": "address",
				"name": "_token",
				"type": "address"
			},
			{
				"internalType": "address",
				"name": "_beneficiary",
				"type": "address"
			},
			{
				"internalType": "uint256",
				"name": "_amount",
				"type": "uint256"
			},
			{
				"internalType": "uint256[]",
				"name": "_intervalTime",
				"type": "uint256[]"
			},
			{
				"internalType": "uint256[]",
				"name": "_intervalPercentage",
				"type": "uint256[]"
			}
		],
		"name": "lockTokens",
		"outputs": [],
		"stateMutability": "nonpayable",
		"type": "function"
	},
	{
		"inputs": [
			{
				"internalType": "address",
				"name": "_token",
				"type": "address"
			}
		],
		"name": "release",
		"outputs": [],
		"stateMutability": "nonpayable",
		"type": "function"
	},
	{
		"inputs": [],
		"stateMutability": "nonpayable",
		"type": "constructor"
	},
	{
		"anonymous": false,
		"inputs": [
			{
				"indexed": false,
				"internalType": "address",
				"name": "account",
				"type": "address"
			},
			{
				"indexed": false,
				"internalType": "uint256",
				"name": "tokenAmount",
				"type": "uint256"
			}
		],
		"name": "TokenReleased",
		"type": "event"
	},
	{
		"inputs": [
			{
				"internalType": "address",
				"name": "_token",
				"type": "address"
			},
			{
				"internalType": "address",
				"name": "_beneficiary",
				"type": "address"
			}
		],
		"name": "updateBeneficiary",
		"outputs": [],
		"stateMutability": "nonpayable",
		"type": "function"
	},
	{
		"inputs": [
			{
				"internalType": "address",
				"name": "_token",
				"type": "address"
			},
			{
				"internalType": "uint256[]",
				"name": "_intervalTime",
				"type": "uint256[]"
			},
			{
				"internalType": "uint256[]",
				"name": "_intervalPercentage",
				"type": "uint256[]"
			}
		],
		"name": "updateReleasePercentages",
		"outputs": [],
		"stateMutability": "nonpayable",
		"type": "function"
	},
	{
		"inputs": [
			{
				"internalType": "address",
				"name": "_token",
				"type": "address"
			}
		],
		"name": "tokenInfo",
		"outputs": [
			{
				"components": [
					{
						"internalType": "address",
						"name": "token",
						"type": "address"
					},
					{
						"internalType": "address",
						"name": "beneficiary",
						"type": "address"
					},
					{
						"internalType": "uint256[]",
						"name": "intervalTime",
						"type": "uint256[]"
					},
					{
						"internalType": "uint256[]",
						"name": "intervalPercentage",
						"type": "uint256[]"
					},
					{
						"internalType": "uint256",
						"name": "totalIntervals",
						"type": "uint256"
					},
					{
						"internalType": "uint256",
						"name": "releasedPercentage",
						"type": "uint256"
					},
					{
						"internalType": "uint256",
						"name": "releasedAmount",
						"type": "uint256"
					},
					{
						"internalType": "uint256",
						"name": "lockedAmount",
						"type": "uint256"
					},
					{
						"internalType": "uint256",
						"name": "nextReleaseTime",
						"type": "uint256"
					}
				],
				"internalType": "struct LiquidityLocker.userInfo",
				"name": "",
				"type": "tuple"
			}
		],
		"stateMutability": "view",
		"type": "function"
	},
	{
		"inputs": [
			{
				"internalType": "address",
				"name": "",
				"type": "address"
			}
		],
		"name": "tokenRegistry",
		"outputs": [
			{
				"internalType": "address",
				"name": "token",
				"type": "address"
			},
			{
				"internalType": "address",
				"name": "beneficiary",
				"type": "address"
			},
			{
				"internalType": "uint256",
				"name": "totalIntervals",
				"type": "uint256"
			},
			{
				"internalType": "uint256",
				"name": "releasedPercentage",
				"type": "uint256"
			},
			{
				"internalType": "uint256",
				"name": "releasedAmount",
				"type": "uint256"
			},
			{
				"internalType": "uint256",
				"name": "lockedAmount",
				"type": "uint256"
			},
			{
				"internalType": "uint256",
				"name": "nextReleaseTime",
				"type": "uint256"
			}
		],
		"stateMutability": "view",
		"type": "function"
	},
	{
		"inputs": [
			{
				"internalType": "address",
				"name": "_token",
				"type": "address"
			}
		],
		"name": "tokenReleasePercentage",
		"outputs": [
			{
				"internalType": "uint256[]",
				"name": "",
				"type": "uint256[]"
			}
		],
		"stateMutability": "view",
		"type": "function"
	},
	{
		"inputs": [
			{
				"internalType": "address",
				"name": "_token",
				"type": "address"
			}
		],
		"name": "tokenReleaseTime",
		"outputs": [
			{
				"internalType": "uint256[]",
				"name": "",
				"type": "uint256[]"
			}
		],
		"stateMutability": "view",
		"type": "function"
	}
]