[
	{
		"inputs": [
			{
				"components": [
					{
						"internalType": "address",
						"name": "tokenAddress",
						"type": "address"
					},
					{
						"internalType": "address",
						"name": "unsoldTokensDumpAddress",
						"type": "address"
					},
					{
						"internalType": "address[]",
						"name": "whitelistedAddresses",
						"type": "address[]"
					},
					{
						"internalType": "uint256",
						"name": "tokenPriceInWei",
						"type": "uint256"
					},
					{
						"internalType": "uint256",
						"name": "hardCapInWei",
						"type": "uint256"
					},
					{
						"internalType": "uint256",
						"name": "softCapInWei",
						"type": "uint256"
					},
					{
						"internalType": "uint256",
						"name": "maxInvestInWei",
						"type": "uint256"
					},
					{
						"internalType": "uint256",
						"name": "minInvestInWei",
						"type": "uint256"
					},
					{
						"internalType": "uint256",
						"name": "openTime",
						"type": "uint256"
					},
					{
						"internalType": "uint256",
						"name": "closeTime",
						"type": "uint256"
					},
					{
						"internalType": "address",
						"name": "investmentToken",
						"type": "address"
					}
				],
				"internalType": "struct TestIDOFactory.PresaleInfo",
				"name": "_info",
				"type": "tuple"
			},
			{
				"components": [
					{
						"internalType": "uint256",
						"name": "listingPriceInWei",
						"type": "uint256"
					},
					{
						"internalType": "uint256",
						"name": "liquidityAddingTime",
						"type": "uint256"
					},
					{
						"internalType": "uint256",
						"name": "lpTokensLockDurationInDays",
						"type": "uint256"
					},
					{
						"internalType": "uint256",
						"name": "liquidityPercentageAllocation",
						"type": "uint256"
					}
				],
				"internalType": "struct TestIDOFactory.PresaleAMMInfo",
				"name": "_ammInfo",
				"type": "tuple"
			},
			{
				"components": [
					{
						"internalType": "bytes32",
						"name": "saleTitle",
						"type": "bytes32"
					},
					{
						"internalType": "bytes32",
						"name": "linkTelegram",
						"type": "bytes32"
					},
					{
						"internalType": "bytes32",
						"name": "linkDiscord",
						"type": "bytes32"
					},
					{
						"internalType": "bytes32",
						"name": "linkTwitter",
						"type": "bytes32"
					},
					{
						"internalType": "bytes32",
						"name": "linkWebsite",
						"type": "bytes32"
					}
				],
				"internalType": "struct TestIDOFactory.PresaleStringInfo",
				"name": "_stringInfo",
				"type": "tuple"
			}
		],
		"name": "createPresale",
		"outputs": [],
		"stateMutability": "payable",
		"type": "function"
	},
	{
		"inputs": [
			{
				"internalType": "uint256",
				"name": "_contributionTokenFeePercent",
				"type": "uint256"
			}
		],
		"name": "setContributionTokenFeePercent",
		"outputs": [],
		"stateMutability": "nonpayable",
		"type": "function"
	},
	{
		"inputs": [
			{
				"internalType": "address",
				"name": "_testIDOInfoAddress",
				"type": "address"
			}
		],
		"stateMutability": "nonpayable",
		"type": "constructor"
	},
	{
		"anonymous": false,
		"inputs": [
			{
				"indexed": false,
				"internalType": "bytes32",
				"name": "title",
				"type": "bytes32"
			},
			{
				"indexed": false,
				"internalType": "uint256",
				"name": "testIDOId",
				"type": "uint256"
			},
			{
				"indexed": false,
				"internalType": "address",
				"name": "creator",
				"type": "address"
			}
		],
		"name": "PresaleCreated",
		"type": "event"
	},
	{
		"inputs": [
			{
				"internalType": "uint256",
				"name": "_poolFees",
				"type": "uint256"
			}
		],
		"name": "setPoolFees",
		"outputs": [],
		"stateMutability": "nonpayable",
		"type": "function"
	},
	{
		"inputs": [],
		"name": "contributionTokenFeePercent",
		"outputs": [
			{
				"internalType": "uint256",
				"name": "",
				"type": "uint256"
			}
		],
		"stateMutability": "view",
		"type": "function"
	},
	{
		"inputs": [],
		"name": "poolFees",
		"outputs": [
			{
				"internalType": "uint256",
				"name": "",
				"type": "uint256"
			}
		],
		"stateMutability": "view",
		"type": "function"
	},
	{
		"inputs": [],
		"name": "TESTIDO",
		"outputs": [
			{
				"internalType": "contract TestIDOInfo",
				"name": "",
				"type": "address"
			}
		],
		"stateMutability": "view",
		"type": "function"
	}
]